{"cameraMatrix": [[1783.43872070312, 0.0, 978.736450195312], [0.0, 1782.28515625, 624.006286621094], [0.0, 0.0, 1.0]], "distCoeffs": [-0.0860482752323151, 0.104385532438755, -0.0366386920213699, 0.00290128262713552, -0.000343916501151398]}