{"cameraMatrix": [[1133.135, 0.0, 519.01], [0.0, 1133.135, 394.3805], [0.0, 0.0, 1.0]], "distCoeffs": [-0.121664, 0.181742, 7.33391e-05, -7.07204e-05, -0.048953]}